	TACGGAGGGTGCAAGCGTTATCCGGACTTATTGGGTTTAAAGGGTCCGTAGGCGGGTTATTAAGTCAGTGGTGAAATCTCATAGCTCAACTATGAAACTGCCATTGATACTGATAGTCTTGAGTATATTTGAAGTAGCTGGAATAAGTAG	TACGTAGGGTGCAAGCGTTAATCGGAATTACTGGGCGTAAAGAGTGCGCAGGCGGTTTTGCAAGACCGATGTGAAATCCCCGGGCTTAACCTGGGAACTGCATTGGTGACTGCAAGGCTAGAGTGTGTCAGAGGGAGGTGGAATTCCGCA	TACGAAGGGTGCAAGCGTTACTCGGAATTACTGGGCGTAAAGCGTGCGTAGGTGGTGGTTTAAGTCTGTTGTGAAAGCCCTGGGCTCAACCTGGGAATTGCAGTGGATACTGGGTCACTAGAGTGTGGTAGAGGGTAGCGGAATTCCCGG	TACGTAGGTGGCAAGCGTTATCCGGAATTATTGGGCGTAAAGCGCGCGTAGGCGGTTTTTTAAGTCTGATGTGAAAGCCCACGGCTCAACCGTGGAGGGTCATTGGAAACTGGAAAACTTGAGTGCAGAAGAGGAAAGTGGAATTCCATG	TACGGAGGGAGCTAGCGTTGTTCGGAATTACTGGGCGTAAAGCGCACGTAGGCGGCTTTGTAAGTTAGAGGTGAAAGCCTGGAGCTCAACTCCAGAATTGCCTTTAAGACTGCATCGCTTGAATCCAGGAGAGGTGAGTGGAATTCCGAG	TACGTAGGTGGCAAGCGTTGTCCGGAATTATTGGGCGTAAAGCGCGCGCAGGTGGTTTAATAAGTCTGATGTGAAAGCCCACGGCTCAACCGTGGAGGGTCATTGGAAACTGTTAAACTTGAGTGCAGGAGAGAAAAGTGGAATTCCTAG	TACGTAGGGTGCGAGCGTTGTCCGGATTTATTGGGCGTAAAGGGCTCGTAGGTGGTTGATCGCGTCGGAAGTGTAATCTTGGGGCTTAACCCTGAGCGTGCTTTCGATACGGGTTGACTTGAGGAAGGTAGGGGAGAATGGAATTCCTGG	TACGTAGGGTGCAAGCGTTAATCGGAATTATTGGGCGTAAAGCGAGTGCAGACGGTTACTTAAGCCAGATGTGAAATCCCCAAGCTTAACTTGGGACGTGCATTTGGAACTGGGTGACTAGAGTGTGTCAGAGGGAGGTAGAATTCCACA	TACGTAGGTCCCGAGCGTTGTCCGGATTTATTGGGCGTAAAGCGAGCGCAGGCGGTTAGATAAGTCTGAAGTTAAAGGCTGTGGCTTAACCATAGTACGCTTTGGAAACTGTTTAACTTGAGTGCAAGAGGGGAGAGTGGAATTCCATGT	TACGTAGGGTGCGAGCGTTGTCCGGAATTACTGGGCGTAAAGAGCTCGTAGGCGGTTTGTCACGTCGTCTGTGAAATCCTAGGGCTTAACCCTGGACGTGCAGGCGATACGGGCTGACTTGAGTACTACAGGGGAGACTGGAATTTCTGG
2296	1.313220398214031	1.2581441764196517	1.4428807368698378	1.6971702388129897	0.967992498925082	1.3970769631453384	1.6961845904782669	1.2317264636897554	1.4149537562469985	1.4354909872542303
2259	0.4223074004377017	0.3958277821390115	0.6633290548898563	0.9202881745230822	-0.059564058825702926	0.5311391892811632	0.946619517374372	0.4319635831501947	0.5574876005474577	0.6207577151310384
1883	2.0822462543686973	2.430676186606664	2.703819984297893	1.96042426383872	2.596897778254157	2.0488158639927008	2.136438913770077	3.456200905713489	2.059686036249215	2.4231101385915856
2404	1.4342730432595334	1.2858401775880597	0.1013644042271684	0.4025930166978948	0.8528450715313167	1.3004084540277463	0.2490275924945557	-0.8091412842074541	1.2081837789966383	0.5389604399340906
2441	0.17090472003396595	0.20206332522446105	0.5318757856138339	0.4945526621050954	0.316212710534995	0.22314051326705495	0.5290173922401913	0.7466547298260358	0.2459755616924296	0.4214888576556073
2069	1.8467502159634064	2.28346321428177	2.4621127343552147	1.5298302434475797	2.4038904480543235	1.7808355162225389	1.7411729371436444	3.3026621742438227	1.782620953945266	2.1579912887937556
2437	0.21583325641528986	0.2858018593943004	0.5248130855180753	0.4043428410576577	0.3575035765291088	0.2468814549317249	0.4511469036013544	0.7488290583118433	0.26191846585964795	0.4186897820084037
2160	-0.651348398415462	-0.7334860324719412	-0.3571183920524996	0.016364798066436037	-1.1292043978021868	-0.5159482373827298	0.023258704159004384	-0.6096271941180029	-0.4801772350541314	-0.3997426457396605
2314	-0.0985478990812867	0.3982710071443054	0.5490414127483225	-0.5643009907233794	0.6707244207331198	-0.19766026557795116	-0.33359048025902005	1.5678925055878372	-0.20144113008700812	0.213333260285584
1744	-0.1847724270465223	-0.3869579864735013	-1.3647472491732069	-1.2155981717042978	0.1238968558705662	-0.3603622924670158	-1.4168748515923404	-1.7487708025478932	-0.4467164764570869	-0.9817826666155828
1592	3.162604790809648	3.2662876755315184	3.3832224802117126	3.2169890243263835	3.1972714395051414	3.177377124655323	3.2752763349047447	3.5406234152384735	3.1834144416537784	3.2960318522914243
2287	1.8925365840921196	1.9164105776634448	2.092324328672702	2.164442412871383	1.66217615157488	1.953817932821181	2.198152737951502	2.0300093878255883	1.9688539999178234	2.0403898573181216
2409	0.6923732102838249	0.6394162893433335	1.025674587639883	1.1959209562616049	0.6941832465062528	0.7793795020525356	1.1982609371560349	1.0855281092200804	0.8094334724113962	0.9500865832618396
2294	2.187028700975655	2.2259844486193603	2.330668314816733	2.3829994115234308	1.8989809497864027	2.238921320083421	2.420866820606832	2.22726780176565	2.2486781066405084	2.292181135242448
1752	0.5311710850532014	0.2971411556482653	-0.11522951297729468	0.4181321711336092	0.0662481053277415	0.5388457654867982	0.2807613777343498	-0.7904991737744476	0.5099661470554194	0.14839987417871134
2509	0.5347997505886033	0.5795277954272566	0.8761290058213111	0.8444992408612986	0.5678710444781072	0.5901375798777058	0.8878461126044634	1.0294536740921552	0.6115865828488977	0.7708914841414762
2385	4.824158318554524	5.038790955885052	4.190976227885996	3.93694154190189	4.048380060651635	4.726169914834145	4.005138190834102	3.6741583583162067	4.661788451886676	4.3383940656960265
2202	-0.8294238741498434	-0.951262881746541	-0.16077066991658828	0.20557389300404574	-0.8632474528053424	-0.6559431488236664	0.20819421076642114	-0.05968160695267755	-0.5912709065851262	-0.31129791758872805
2375	0.6891758082104922	0.5321922060863673	1.3249906848090651	1.7064365236944947	0.8128334364904329	0.8521413705421428	1.684657371974324	1.4799552641723486	0.9151942993140352	1.188648315540082
2080	-1.0598535105838502	-1.0071448876595608	-0.6778961846437861	-0.9132967254190564	-0.41169395703038303	-1.0592435953354875	-0.8891377881360973	-0.1491193769370065	-1.0432435659437007	-0.8147531812512161
2426	1.2035929976013255	1.1051281486253148	1.9022858018739008	2.1952902212256067	1.269612444521084	1.3657036723998892	2.2061783976808576	2.088653317469424	1.4294392216762868	1.734026562905275
2496	-1.5442619452926616	-1.5623141786740828	-0.6975695749207924	-0.6345574230490432	-1.1850047692969556	-1.4081589553956058	-0.5893538126194222	-0.23182949261849986	-1.3432684502978165	-0.9379647476592472
2622	0.766719062293201	0.7460862157615541	1.5325667134273138	1.6347671493123268	0.98064077288235	0.9028424141051804	1.6782285381294308	1.8850488439899653	0.9631560493664862	1.3199384715904794
2334	-0.07300081844567519	-0.16520249517270402	0.4643428759423918	0.7334703469609873	-0.044773775429621576	0.061125936108596075	0.7350845453496071	0.5790928894034997	0.1113674982886691	0.3410294335533772
2417	1.8673269974023607	1.7372143403038396	2.555870650356097	2.8762573382274486	2.040367565577139	2.0269265329426958	2.8682745158424288	2.7771775366765485	2.09127819266416	2.395921104192883
2451	1.5386661079994852	1.346989490868086	2.182961982873336	2.597925457912313	1.7775591671204551	1.7026933677397555	2.5571931984575955	2.3816350717301464	1.7680803768368458	2.0502562165456664
2481	-0.9558640089568023	-1.0061828152216177	-0.17288362799138302	-0.04718736247570848	-0.6223462580010906	-0.8190520782386836	-0.02000216484900436	0.23247270240556106	-0.7561962064535267	-0.3858013356143706
2618	1.3251381173862056	1.2421700740564492	2.0746803910932234	2.286020610970584	1.5764079190805202	1.4738436941254638	2.299953875390954	2.3968895263599723	1.537962990245458	1.88245244707041
2405	2.0478108361105423	1.8991193167457283	2.702829809608516	3.041706990513492	2.2633292898532145	2.2028345148467854	3.02119242097963	2.9235796206855174	2.2655225300858857	2.5561337741199743
2224	1.2030759831521278	1.405554166348398	1.2265312484430373	0.9506935195790926	0.8748842974666897	1.1863229519971417	1.0498994641769308	1.1810404588100474	1.1717766822433444	1.1788285584168998
2468	-0.7823226254267235	-0.8772183275313208	-0.060898213594172475	0.1402680744167834	-0.4368792633416265	-0.6442689779864277	0.1427743071483995	0.29743055880685376	-0.5826480284322061	-0.2447129049475725
2610	1.4150842464984723	1.2968995051410874	2.156868076641444	2.416309715062996	1.7311352611036852	1.5669225869888526	2.411836361465091	2.4877328386841544	1.6327372351815908	1.974477612979616
2599	1.1685316914582513	1.013592657620538	1.8992225635287232	2.2070695440405665	1.556512343699421	1.3226680082373723	2.1829518670936765	2.2406095463033338	1.3899458616808116	1.7278182357233514
2587	0.666503692105592	0.4855084655555717	1.3889620677089305	1.7307019969739508	1.1066498702746057	0.8220873447165791	1.6925774026638714	1.7383625869875223	0.8903564088485864	1.225415804843511
